id,texte,note,label
0,Le téléphone est bien,4,positif
1,"La batterie se décharge vite , quand je reçois un SMS l icône "" enveloppe"" ne s' affiche pas , pas non plus de notification de SMS. Pas d'embout de chargeur pour brancher à la prise . Le bouton en bas est défaillant, du coup , il y en a un tactile qu il faut déplacer parcequ'il gène sur l' écran.",1,négatif
2,"Déçu , le téléphone n’est pas en excellent état",2,négatif
3,Ravi de voir que l'iPhone ne se charge plus correctement et que le téléphone est en capacité d'être sur 1% une démo journée entière.,2,négatif
4,Pas solide etc Tien pas la batterie,1,négatif
5,Je l’ai eu en novembre 2022 et il est toujours avec moi même tous les jours en plus il fonctionne très bien juste que j’ai dû changer la batterie ce mois-ci mais il est toujours avec moi et sa été mon gros coup de cœur,5,positif
6,Super encore en vie depuis 4 ans,5,positif
7,Je les achète pour un cadeau ma filleule était ravie super merci,5,positif
8,Ma fille est ravie. Même s'il se décharge assez vite...mais elle l'utilise beaucoup.,5,positif
9,Cadeau offert à ma fille qui est ravie et la depuis un moment. Aucun regret Conforme,5,positif
10,Ravis fonctionne très bien.,5,positif
11,"Je suis très content de mon téléphone, j’ai jamais eu de problème avec, malgré que ce soit un reconditionné",5,positif
12,"téléphone reçu entres bon état, quasiment neuf",5,positif
13,Super bien téléphone a la description du vendeur comme neuf,4,positif
14,Appareil conforme aux attentes. Il manque l’extracteur de carte.,5,positif
15,iPhone reconditionné fonctionne très très bien,4,positif
16,Parfait très bon produit bien reconditionné,5,positif
17,"Offert à ma fille, elle en est ravie",5,positif
18,"IPhone reçu rapidement mais présentait un petit problème au niveau du bouton Home . Après avoir échangé avec le vendeur , celui-ci m'a proposé de m'en envoyer un Nouveau et m'a transmis une étiquette pour le retour. je vais donc le réexpédier dès demain matin . Vendeur a été très réactif pour régler ce petit problème . J'attends donc le nouveau IPhone 8 pour redonner une meilleure évaluation mais je suis confiant pour la suite . je reviendrai donné mon avis quand j'aurai reçu mon nouvel IPhone",3,neutre
19,Ce produit correspond exactement à ce que je recherchais... J'avais un iphone 6S. Je ne suis pas dépaysé ! Conclusion: Je ne suis pas déçu !,5,positif
20,rein à dire sur le produit,5,positif
21,a fonctionne que 24 heure et depuis ecran noir,1,négatif
22,bon état général de l appareil mais s est bloque sur touche centrale impossible de l éteindre s est mis en sos déçu de cet achat,3,neutre
23,"Il est nickel, la batterie est à 100 % il y a aucune rayure, l’écran est super pour un reconditionné on dirait un neuf et le prix franchement imbattable, juste le chargeur qui n’était pas du tout d’origine, je m’en sers pas, j’ai encore celui de apple",5,positif
24,Je recommande un bon qualité prix,5,positif
25,J’ai acheté ce téléphone il y a trois mois il a eu aucun choc mais ne s’allume plus j’ai acheté plusieurs téléphones sur Cdiscount la première fois que ça m’arrive,1,négatif
26,Fonctionne parfaitement bien rien à dire de spécial à par que je vous recommande ce vendeur,4,positif
27,Parfait merci je recommande le vendeur,5,positif
28,Super arrivé dans le délai et le téléphone est bien en excellent état Je recommande sans hésitation,5,positif
29,J’ai acheté deux iPhone 8 pour des amis à Madagascar j’espère avoir un bon retour,5,positif
30,Depuis la réception de l iPhone celui fonctionne très bien et il est en excellent état autant apparence qu en fonctionnalité,4,positif
31,"Très beau produit, comme neuf. Dommage que la batterie n'ai pas été changer lors de son reconditionnement !!!!!",4,positif
32,RAS pour l'instant !!!,4,positif
33,Bonjour je viens juste de le recevoir mais j’ai l’habitude à iPhone je les trouve très bien mais en reconditionne il faut voir sur la durée,4,positif
34,Super jolie ma fille aime beaucoup son nouveau téléphone,5,positif
35,Je suis vraiment satisfaite de mon tel reconditionné,5,positif
36,Peu cher pour ce produit à voir à l usage s il tient le coup. C est quand même un reconditionné,3,neutre
37,Je recommande le vendeur Le produit conforme à la description Je suis très contente,5,positif
38,"Très bien, rien à dire, impeccable",5,positif
39,Au bout de 2 mois écran devenue noire Sans être tombé A n’y rien comprendre,1,négatif
40,Bon rapport qualité prix je recommande !,5,positif
41,Je remercie le vendeur qui me l'a vendu très bien merci encore il fonctionne très autant qu un neuve,5,positif
42,"Je suis entièrement satisfaite d'avoir commandé ce smartphone. Comme du neuf, même s'il est reconditionné. La prochaine fois je prendrai un iphone11 reconditionné car je n'ai pas beaucoup d'argent. Je suis en situation d'handicap. Merci infiniment de penser aux personnes qui ne peuvent pas acheter du neuf faute d'argent.",5,positif
43,"Je l'ai offert à ma fille elle est ravie,il est arrivé neuf,se charge rapidement.franchement je recommande.",5,positif
44,"Très contente de mon achat, c’est la première fois que j’achète du reconditionné. J’espère qu’il durera dans le temps très jolie couleur. Or",5,positif
45,"Téléphone comme neuf, batterie à 100% ! Je suis très satisfaite de l’iPhone 8 ! Je recommande sans hésitation EC TECH pour l’achat de smartphone.",5,positif
46,Je suis satisfait de mon achat,5,positif
47,Excellente comme un vrai aucun regret que du positif,5,positif
48,Dommage qu'il n ai pas plus accessoire comme les écouteurs,4,positif
49,Le téléphone est tombé en panne. Touches inactifs en moins de 2 mois,2,négatif
50,Emballage plus quz protégé iphone arrivé super vite l état est plus que nickel pour ne pas dire neuf. Vendu avec chargeur dommage pas d écouteurs mais je recommande vivement ce produit et ce vendeur,5,positif
51,Très bien fonctionne très bien,5,positif
52,Appareil conforme à mes attentes.,5,positif
53,I phone en très bon état proche du neuf pas de rayures Livrer avec le chargeur,5,positif
54,"Téléphone qui marche parfaitement, on dirait à neuf",5,positif
55,"Très satisfait, le produit est comme neuf",5,positif
56,appareil reçu d'excellente qualité pas de rayures très propre.,5,positif
57,"Très décue pour un téléphone en soit disant excellent état. S'éteint régulièrement sans raison apparente, ne tiens pas du tout en batterie.",1,négatif
58,"Je suis contente,j’avais un peu peur de commander un reconditionner et puis finalement le tel et impeccable pas rayais pas impact la batterie 100% je suis très contente à voir sur la durée (parconte je m’attendais à un iPhone doré vu le la couleur mentionner or mais il est rose mais pas grave j’aime aussi la couleur) envoi rapide ! Bien emballer ! + un chargeur ! Mais pas d’écouteur.",5,positif
59,J'étais agréablement surpris par l'etat du produit et les protections livées avec. Très satisfait.,5,positif
60,Le haut parleur donne une sensation lointaine. Le son n'est pas clair. hormis cela RAS,3,neutre
61,"Quand on achète un reconditionné « en excellent état », on ne s’attend pas à ce que la batterie ne tienne plus la charge au bout d’à peine une heure après seulement un mois d’utilisation. À quasi 200€ au moment de l’achat, j’ai dû rajouter 61€ pour faire remplacer la batterie chez Apple pour être sure que cette fois elle tiendra. Je ne recommande pas ce vendeur.",1,négatif
62,Super. J’suis satisfaite de mn achat.,4,positif
63,iPhone très bon état. Super rapide à mettre en route.,5,positif
64,"J ai était très surprise de l état du téléphone en reconditionné, excellent état aucune rayure très propre super bien emballer et protéger, l état de la batterie a 100% ! Vraiment super contente de mon achat surtout pour ma fille tout fonctionne parfaitement je recommande à 100%!!! Merci encore je passerai par ce vendeur pour d autre téléphone ??",5,positif
65,Correspond tout a fait a mes attentes parfait état livré rapidement et un plus avec avec une coque et verre de protection. PARFAIT,5,positif
66,Le téléphone fonctionne très bien le seul bémol reçu le téléphone sans boîte sinon parfait,3,neutre
67,Il est resté dans sa boîte ma femme ne le voulez pas .je l ai acheté par erreur,1,négatif
68,Pour le prix je recommande les yeux fermé et vendeur très sérieux ma fille est très contente....merci,5,positif
69,très satisfait pour l'instant de mon achat,4,positif
70,A recommander à ceux qui ne veulent pas acheter un smartphone neuf,5,positif
71,"Super, formidable. Merci d'avoir remboursé le produit reçu défectueux. Bonne journée",3,neutre
72,Reçu comme le détail de l’annonce.,5,positif
73,Parfait pour le moment... Il fonctionne très bien.... Ma fille est ravie,5,positif
74,Téléphone en bon état mais chargeur n’est pas fonctionnel,5,positif
75,Votre auditeur ne vous entend pas . Obligé d'utiliser les écouteurs pour parler au téléphone .,1,négatif
76,Livraison rapide le téléphone n a aucune rayure Super bien emballé je recommande le vendeur,3,neutre
77,"Je lance le téléphone, je met mon apple id. Je vois que une application ""Cydia"" est installée. C'est une application quand le téléphone est Jailbreaké.",1,négatif
78,Très bon qualité et prix,5,positif
79,1 er achat IPhone et Produit reconditionné Portable état neuf aucun impact très contente de mon achat,4,positif
80,Il est blanc et rose pas or derrière tanpis mais bon manque coque dans l emballage car normalement vendu avec coque,2,négatif
81,ne tient pas la charge au bout de 2 mois!,1,négatif
82,Batterie ne tient pas une belle arnaque ....,2,négatif
83,"J'ai acheté cet article pour l'offrir comme cadeau a ma nièce , elle raffole de joie. très bien propre, aucune égratignure.",5,positif
84,Contente de mon achat à voir avec le temps. Déçu de ne pas avoir eu d’écouteur avec mais sinon nickel !!,3,neutre
85,"Reçu super vite ,très satisfaite....",5,positif
86,"proprement emballé, livré comme prévu! C'était il y a plus d'un mois fonctionne très bien à lors actuel.",5,positif
87,Transaction idéale ; pas d'autre commentaire.,5,positif
88,"Très compact, solide bien en main, mais un peu trop de sécurité avec des mot de passe compliqué qu'on à du mal à retenir surtout qu'and on a dépassé les soixante ans idem pour le pc portable mac. il y a un plus c'est que la synchro se fait automatiquement et quand vous prenez des photos presque de suite elle vont dans le pc (pour cela il faut avoir un pc mac)",5,positif
89,Pas trop le top ....trop de chose payant et pas top niveau jeux etc,4,positif
90,"Livraison rapide, le produit correspondant à la description donné ainsi que l'état du produit. Je recommande",5,positif
91,Nul au bout d’un mois rien de fonctionne correctement,1,négatif
92,"Envoi très rapide, produit en parfait état à la réception utilisé depuis 2 jours sans Aucun soucis Merci",5,positif
93,"L état est très bon , par contre manque d accessoires pas d écouteur juste le chargeur",5,positif
94,iPhone 8 c’est pas cher ça bug pas batterie 100 pour cent ?prochaine fois vous avez ajouté les écoutes,5,positif
95,"Ma fille est ravie, il fonctionne très bien et aucune rayure ni défaut sur le téléphone, on a été livrée rapidement.",5,positif
96,"Parfait, à part la couleur il était prévu or il est beige! Mon fils a tout de même souhaité le garder mais c’est dommage car son choix se serait porté sur un autre produit. Délai livraison impeccable.",3,neutre
97,"Très déçu de mon achat pour un iPhone en excellent état, sur l’apparence ok il est parfait mais la batterie c’est horrible, obligé de se promener constamment avec le chargeur, une batterie qui ne tient pas du tout.",2,négatif
98,Téléphone reçu rapidement l'état est nickel mais quand je suis au téléphone je n'entend pas beaucoup la personne même en haut parleur !!! La batterie ne tiens pas beaucoup ! Déçu pour une reconditionné en excellent état sois disant !,3,neutre
99,reçue dans les temps téléphone comme neuf fonctionnalité parfaite tout est ok,5,positif
100,Conforme a la description. Tres bon état.,5,positif
101,"Vendeur très correct , bon produit Contente de mon achat pour le moment",5,positif
102,"I phone 8 impeccable!! Cadeau d'anniversaire à ma fille, elle nage dans le bonheur. J'espère que ça va continuer. Délai de livraison rapide pile pour le jour j et suivi commande top Merci.",4,positif
103,Je ne recommande pas cet article!!!!!!,1,négatif
104,Pas content au niveau de la batterie il doit avoir un problème,4,positif
105,tres bon etat comme neuf,5,positif
106,"très bon produit le chargeur et fourni dedans, la batterie est à 100% et il y a déjà un écran de protection dessus. je recommande ce produit à 100% !!!",5,positif
107,"Acheter iPhone 8 pour l’anniversaire de ma fille qui rentre au collège elle en est satisfaite pour le moment très joli couleur , juste un petit point ses qu’il n’y a pas les écouteurs bien dommage .Habituellement je prend pas se vendeur mais là le prix était plus correct.",4,positif
108,Très déçu car quand je fais des appels mes correspondants m’entende pas.,1,négatif
109,"Bonjour j’ai acheté cette IPhone pour mon enfant. La batterie ne tiens pas une demi journée, la touche ID ne figure même pas dans le menu réglage. Très déçu.",1,négatif
110,"Je l'ai acheté pour ma fille pour son anniversaire,elle en est contente,le téléphone fonctionne très bien,je le recommande",5,positif
111,"1er achat reconditionné, je l’utilise depuis une semaine, à voir dans quelques mois",5,positif
112,À FUIR je vous prie de me croire,1,négatif
113,iPhone reçu avant même la date de livraison c’est super bien le seul point négatif je peux constater et le manque d’écouteurs et le manque de la boîte d’origine sinon le téléphone est impeccable fonctionne très bien moi qui déteste commander par Internet c’est un très bon rapport qualité prix,5,positif
114,"Téléphone en parfait état , on pourrait croire qu’il est neuf Aucune rayure , ni coup . Il est déjà protégé par un verre trempé ce qui est un plus ! Achète pour ma fille qui a cassé le sien. Pour le moment tout fonctionne parfaitement. Nous sommes ravies ! Je recommande +++",5,positif
115,Tres satisfaite dd mon hiphone 8.je vous le recommande. Battte recharge au top. Couleur super design. Que du bonheur,5,positif
116,Tout est parfait. Il fonctionne très bien. Pas de rayure.,5,positif
117,Reçu mon iPhone 8 dans un excellent état sauf que la batterie est 83%. Le téléphone marche nickel sans bug ni rien.,3,neutre
118,Le téléphone ne fonctionne plus je veut un retour,1,négatif
119,tres bon produit raport qualité prix .. Je recommande Merci !,5,positif
120,Au bout de 6 mois téléphone avec batterie hs,2,négatif
121,"Après quelques mois d'utilisation : Très bon produit reconditionné, état proche du neuf, aucun soucis de fonctionnement.",5,positif
122,Acheter pour l entrée au collège de ma fille très contente de cette achat qui correspond en tout point. Bon rapport qualité prix je recommande,4,positif
123,Sous réserve d'utilisation je suis très satisfaite du produit et recommande à mon entourage,4,positif
124,Commande rapide puis avant le date de l’expédition téléphone arrive protéger dans ça boîte c’est dommage qu’il manque les écouteurs sinon rien a dire !!! Je recommande,5,positif
125,"Très bon produit , réellement comme neuf. Envoi dés la commande et réception ultra rapide, 5 jours plus tôt que prévu. Parfait.",5,positif
126,Bonjour je suis déçu de la qualité du téléphone vraiment on entend mal quand j’appelle une pers non très déçu,1,négatif
127,produit neuf ! jamais utilisé je suis très contante,5,positif
128,Excellent produit premier iPhone pour ma fille de 14ans elle est ravie,5,positif
129,Rien a redire c’est Apple,5,positif
130,"Très Bon produit, de qualité neuf, fonctionnement normal ,je recommande plus tard pour mon cousin, livraison en trois jours très rapide",5,positif
131,Extérieurement rien à dire à l’intérieur du téléphone pour le moment non plus à voir dans la durée juste le chargeur qui ne doit pas être un vrai iPhone il ce débranche seul et même brancher arrête parfois de charger le téléphone tout seul Mise à part sa pour le moment pas déçu,4,positif
132,"Je n'ai pas la voix de mon correspondant ou très faiblement. Je suis obligée de mettre systématiquement le haut-parleur. Faut-il que je le renvoie? Sinon, que faut-il faire. Merci de votre réponse.",3,neutre
133,Téléphone reçu en 3 jours parfait état de fonctionnement à voir dans la durée. Batterie à 100% vitre de protection et chargeur complet téléphone d aspect neuf j’ai commandé un iPhone 8 cold reconditionné je recommente d’ici quelques mois pour dire l’état dans la durée,5,positif
134,Bonjour j'ai reçu l'iphone aujourdhui mais ia un soucis j'ai l'impression que ce n'est pas un vrai iphone aucune preuve est fourni que c'est bien l'iphone 8 et en + je peux meme pas mettre d'ecouteurs ia aucune prise c'est vraiment bisard ..,3,neutre
135,Reconditionné (Excellent) : - Piéces non originales - Haut parleur qui marche pas bien - Batterie 80% - Afficheur bug etc ...,1,négatif
136,J'ai commandé cet iPhone pour offrir à ma maman et elle est très contente. Je recommande ce vendeur,5,positif
137,Mai vive qualité jamais commandé,1,négatif
138,Un Téléphone proche du neuf rien à dire,4,positif
139,Pas déçu Livraison soigné et rapide Téléphone comme neuf A voir dans le temps,5,positif
140,Top!!! Reçu rapidement tout été parfait,5,positif
141,"J avais acheté ce téléphone comme cadeau pour ma fille . Batterie HS au bout de 15 j, elle a même gonflé. L arrière du téléphone s est fissuré sans trop d explications. Vraiment je déconseille.",1,négatif
142,Plus de 9 mois que je l’es reçu il est top rien a dire marche parfaitement merci je recommande,5,positif
143,Comme neuf Livraison rapide,5,positif
144,Pour l'instant ma fille est ravie acheter en décembre jusqu'à alors rien à dire à par les écouteur jamais marcher la recharge idem,3,neutre
145,Très bon produit fonctionne très bien,5,positif
146,Points positifs: le téléphone est arrivé très vite et est en bon état. Livré avec toutes les protections en double. Configuration en français. Points négatifs : le tactile du téléphone n’est pas top. Pour écrire vite c’est impossible. Les coins de l’écran ne répondent pas!,3,neutre
147,Le téléphone a même pas 1 mois que le chargeur deconne le téléphone bug énormément il quitte des pages d’un coup ou autres,2,négatif
148,imposible de le mettre en route comme le premier qui c'est mis en condition usine et imposible de le remettre en route tres decu pour le prix,1,négatif
149,J’ai aimé le produit car je préfère iPhone pour moi c pratique pour l’utilisation,5,positif
150,"Acheté le 20 août 2021, en excellent état (comme neuf), comme indiqué ; reçu bien protégé, sans rayures ni choc, génial ! J'ai dû le faire réparer il y a quelques jours (donc 6 mois après l'achat, encore sous garantie) pour un problème minime, là encore, service client très rapide, courtois, soigné, au top !",5,positif
151,bon produit mais j ai un petit soucis donc je dois le déposer chez un réparateur je vais prendre l avis d un pro,4,positif
152,"Téléphone sans aucune raillure , comme neuf , la boîte , écouteur chargeur impeccable",5,positif
153,"Le téléphone ne fonctionne plus après même pas 2 semaines d'utilisation, je sais plus quoi faire avec",1,négatif
154,"Il est tres bien, en tres bon etat !",4,positif
155,tres contente du produit bien emballer,5,positif
156,"Bon téléphone, et excellente communication avec le vendeur Je recommande",5,positif
157,Fonctionne super état parfait top pour un reconditionner,5,positif
158,Correspond bien à la description Envoi rapide,5,positif
159,"Acheté pour ma fille ,recommande",4,positif
160,Très déçu car. Volume de sonnerie très faible,2,négatif
161,Parfait à recommander,5,positif
162,pour ma fille qui en est ravit pour l'instant pas de problème,5,positif
163,Fonctionne très bien Par contre les écouteurs ne marche pas !,4,positif
164,Bien emballé on dirait qu’il était neuf,5,positif
165,Colis livré rapidement.,5,positif
166,"Aucun problème de mon côté, je le recommande à ceux qui hésitent.",5,positif
167,"iphone reçut comme un neuf , aucun défaut , seul bemol la batterie ce decharge tres vite , premiere utilisation hier soir a peine et ce matin plus de batterie",5,positif
168,"J'ai commander cette article pour l'offrir pour noël, je suis très déçu la batterie ne tien pas la charge du tout . La batterie est à 90% au lieu de 100%. De 100% il passe à 85% en même pas 10min d'utilisation je ne recommande pas du tout .",1,négatif
169,"Notre fille et super contente ,",5,positif
170,iPhone bon état mais par contre il y a marqué sur la boîte iPhone plus écouteur et prises de recharge or les écouteurs sont manquants.,3,neutre
171,"Assez bien pour un produit reconditionner, juste chargeur défectueux",4,positif
172,J'ai reçu un iPhone 8 comme neuf : aucune rayures sur l'écran ainsi que le derrière et niveau performance il est parfait avec une batterie de 100% ! Je recommande vivement,5,positif
173,Parfait appareil bonne qualité,5,positif
174,Merci très bien sauf touché allumage trop sensible,5,positif
175,Livraison rapide. Produit très bien ma fille est contente. Le seul bémol pas d écouteur juste le chargeur. Produit en parfait état. Merci au vendeur.,5,positif
176,Mon fils hyper content reçu comme neuf avec vitre et coque . Le téléphone aucun pète ... Après a voir avec le temps ce que cela donne .,4,positif
177,"Très bien emballé dans sa boîte, en parfait état comme neuf.",5,positif
178,Bonjour du téléphone m'a fille et très content à par qui et un peu dure à le mettre en route mais bien se curiser,5,positif
179,Le téléphone fonctionne bien a part un bug du tactile a la fin de la configuration de l'iphone.,4,positif
180,"Reçu dans son emballage d’origine excellent état kit oreillette fourni avec, le chargeur n’est pas un original Apple mais il est neuf et fonctionnel donc pas de soucis",5,positif
181,Excellent état niveau de batterie 100% pas une rayure et avec tout les accessoires je le recommande,5,positif
182,Téléphone bien dans l’ensemble mais déçu des griffures apparentes sur le téléphone. J’avais choisi excellent parce que normalement il devait avoir aucune griffure et un écran parfait sinon j’aurais choisis très bon état ou que bon état.,3,neutre
183,"Je le reçois forcément je l’ai commandé le 10 décembre, et je l’ai reçu aujourd’hui !! La livraison est rapide et efficace et j’adore cdiscount je recommande vivement ce magasin !!!!!",5,positif
184,"Je recommande, il est au top c'est la première fois que je prends un reconditionné est j'en suis très satisfaite",5,positif
185,Pas encore allumé mais très satisfaite du produit très bon état.,4,positif
186,Mon fils jeune ado est satisfait,5,positif
187,Qualité moyenne écran difficile à travailler,2,négatif
188,Reçus aujourd’hui très beau ! Seul problème batterie a 97% a voir avec le temps si il fonctionne bien !,4,positif
189,j’ai commandé l’iphone 8 reconditionner j’appréhendai mais quand je l’es reçue j’etait super contente aucune rayure rien tout neuf il magnifique belle couleur or colis bien emballé dans ça boîte d’origine avec chargeur et écouteurs et verre trempé livraison rapide commandé le 6 décembre reçue le 8 décembre batterie a100% je recommande,5,positif
190,"Je recommande fortement, téléphone commandé samedi soir et reçu mercredi midi dans une belle boite avec chargeur et écouteur plus une coque transparente et un verre tremper déjà très bien placé sur la vitre. la capacité de la batterie est de 100%!!ce qui est très rare pour un reconditionné de plus il n'a aucune rayure rien il est comme neuf on peut vraiment dire reconditionné a neuf !!!",5,positif
191,recommande ce vendeur arriver en deux jour produit neuve avec boite Apple et sceller avec chargeur et écouteur inclut état de la batterie a 100% sans aucune rayure venue direct de l'usine en dirait,5,positif
192,"Rien à dire, article annoncé comme neuf, livre comme neuf! Je recommande !",5,positif
193,"Livraison rapide, produit conforme et surprise d’avoir également des écouteurs et une coque. Ravie",5,positif
194,"Téléphone fonctionnelle malgré un petit bug au début, appareil reçu bien emballé avec tout les accessoires, satisfaite bien que sous réserve du au bug… malgré tout très contente du produit",4,positif
195,"J’ai reçu mon iPhone dans les délais, conforme à la description, excellent état. J’avais peur du reconditionné mais finalement je ne suis pas déçu, je suis même surprise. Je recommande.",5,positif
196,"très bon IPhone 8. franchement Rien a dire, je conseille vivement",4,positif
197,"iPhone en excellent état, livraison rapide . Rien à dire",5,positif
198,"Problème connu avec APPLE, la batterie se décharge rapidement",2,négatif
199,Excellent téléphone prix raisonnable je recommande,5,positif
200,aucun reproche à ce jour,4,positif
201,Il fonctionne super bien et c’est la meilleure marque,5,positif
202,Produit conforme à la description - Etat comme neuf - Vendeur réactif aux demandes des clients - Je recommande,5,positif
203,"Très satisfaite, ma fille en ai ravi. Suivi et envoie parfait.",5,positif
204,Bon état je recommande,4,positif
205,"super, comme neuf, reçu avec sa boîte, le chargeur, aucunes rayure, avec une coque transparente en cadeau ainsi qu'un film sur l'écran déja placé, la batterie est à 100 %, Emballage très soigné, la boîte est filmée. ravie+++++ et livraison rapide.",5,positif
206,Ruen a signaler Neuf bn état. Fonctionne parfaitement bien léger excellent rapport qualité prix,5,positif
207,"Produit reçu très rapidement, l’iPhone et comme indiqué ! Comme neuf ! Très content je recommande !",5,positif
208,L’iPhone semble neuf sans aucune rayure et il fonctionne très bien.,5,positif
209,Très bon produit J'en suis ravie,5,positif
210,Inutile de mettre cher pour acquérir ce genre d'appareil. Les reconditionnés sont garantis et coutent beaucoup moins cher. Evitons le gaspillage !,4,positif
211,Je vous déconseille la batterie tien meme pas 4h c’est incroyable je regrette,2,négatif
212,"Bonjour j'ai bien reçue le téléphone dans les temps, mise a part la batterie a 90% et la colle de l'écran qui a été nettoyé grossièrement, le téléphone est clean pour un reconditionné veillez à améliorer tout de même le nettoyage même pour un reconditionné.",4,positif
213,Bien reçu en très bonne état comme promis fonctionne très bien merci,5,positif
214,Problème de son Batterie très faible Je ne recommande pas ce produit,2,négatif
215,mon fils est tres content de son telephone,5,positif
216,"le bouton d 'allumage et d extinction avait des ratés .La batterie n avait pas été contrôlée par le vendeur car elle avait des soucis. Donc reconditionné excellent , je ne suis pas d accord du tout",2,négatif
217,"Deux iphones reconditionnes achetes sur cdiscount en 15j, ce dernier iphone 8 ok niveau esthetique mais batterie a 83% et pas de coque ni de filtre ecran avec contrairement au xs achete avant qui avait 100% de batterie (comme neuf) et coque+filtre en plus du casque et de l’alim. Tous les deux etaient categorises en « excellent », sinon arrive tres vite merci au vendeur. On verra avec le temps !",3,neutre
218,"Rien à dire, produit comme neuf. Fournis : écouteurs, chargeur, câble, pointe pour tiroir carte Sim, belle boîte Merci !",5,positif
219,je suis très étonner de la qualité du produit qui est impeccable il est comme neuf je recommande vivement,5,positif
220,Envoi dans les temps emballage très correct bon produit,5,positif
221,Superbe comme neuf excellent état descriptif super merci et à bientôt cordialement,4,positif
222,Je ne regrette pas du tout mon achat il correspond exactement à mes attentes des petits beugue au début avec le son mais qui se sont vite régler avec les conseils du vendeur.,4,positif
223,Telephone de très mauvaise qualité S'arrête souvent même lors d'une conversation et ne tiens pas la charge Très déçue,1,négatif
224,"iPhone 8 reçu de couleur rose, normalement il devait être couleur or, mais là n'est pas le souci. Écran remplacer par un écran non retina, mal adapté au téléphone, les bords dépassait de la coque. Carte mère remplacer, qui normalement est interdit car c'est l'identifiant apple. Les photos était de mauvaise qualité. La batterie elle, a bien été changer. Portable expertiser, d'où cette avis.",1,négatif
225,Reçu en deux jours pour l’instant tout fonctionne super bien très bonne qualité pas de problème,5,positif
226,RAS satisfait de mon achat,5,positif
227,"Le iPhone acheté pour mon fils est déjà en panne apres même pas 4 mois d'utilisation. Décidément, mes articles chez Cdiscount sont altérés et c'esy dommage parce qu'en général je suis SATISFAITE.",1,négatif
228,iPhone reçu en très bon état,4,positif
229,Téléphone reconditionné Livré à temps impeccable écouteurs complètement fêlé n’ont jamais fonctionné j’ai dû recommander une paire d’écouteurs une seule petite rayure sur l’écran,5,positif
230,"Très satisfait pour le moment, en espérant qu’il n’y ai pas de panne par la suite. Le reconditionnement de l’iPhone est excellent, une belle boîte (non d’origine) avec sa coque et son film protecteur, ses écouteurs et son chargeur. La batterie a 100% de sa capacité. Pour le moment c’est parfait ! Bon vendeur",5,positif
231,"Je recommande pas, problème de son , fait du bruit … je suis dégoûté voila",1,négatif
232,Ce produit est bien mais parfois il faut taper 2 fois sur les touches,4,positif
233,"Très bien, utilisé depuis plusieurs mois, aucun souci. Parfait état comme neuf, je recommande vivement ce produit",5,positif
234,Rien à dire m as fille était ravie je recommande,5,positif
235,Très bon rapport qualité prix,5,positif
236,Le temps de la livraison était long Le téléphone est bien pour son pris,3,neutre
237,Comme neuf je recommande ++,5,positif
238,"Livraison au top, état de l iPhone excellent, à voir a l'usage, j ai un peu peur pour la batterie car capacité maxi 83%... à voir.",4,positif
239,Très bien arrivé vite …. Entièrement satisfaite,5,positif
240,Je trouve super pour un reconditionner je ne bug plus avant j avais un iPhone 6 et la tt va bien je le recommande,5,positif
241,"Délais parfait, état conforme à l'annonce (excellent état), batterie à 100% d'efficacité... rien à dire.",5,positif
242,aucun soucis bon téléphone,5,positif
243,"Appareil impeccable, très satisfaisant.",5,positif
244,"Iphone état réellement neuf, très bonne qualité, aucune rayure. Tout est fonctionnel: écouteurs, et chargeur.",5,positif
245,Le téléphone se bloque temporairement quand je regarde une vidéo au bout de 10mns,3,neutre
246,Franchement une bonne idée d’avoir acheté un iPhone 8 reconditionné Je suis très contente de mon achat et je le recommande,5,positif
247,téléphone très dessus car le tactile ce bloque et obligé attendre la fin de la batterie pour le rallumer donc je vous les renvoyer j attend de vos nouvelle très rapidement pour un échange,1,négatif
248,Très bon rapport qualité prix Bel emballage Coque verre trempé écouteurs neufs joints Le téléphone est en très bon état intérieur comme extérieur.,5,positif
249,Très beau model je suis content de mon achat J’ai reçu un verre trempée avec le téléphone Livraison rapide Merci au vendeur,5,positif
250,Venu en bonne etat et rapidement,4,positif
251,La batterie ne tient pas obligé de charger 2 fois par jours … je ne recommande pas du tout !! Déçu .,1,négatif
252,Très bon état recu dans les temps et bon conditionnement aucun soucis a la livraison,4,positif
253,Ravie Marche super bien Emballage comme un neuf ! Je recommande,5,positif
254,Franchement avec le chargeur et lés écouteur et les accessoires sa vaut le coup,5,positif
255,Pas de problème avec le téléphone mais je ne peux pas malheureusement éditer la facture car ma commande est considérée comme non livrée !!!,3,neutre
256,Bon rapport qualité prix fonctionne très bien je recommande.,5,positif
257,"J'ai reçu ce telephone reconditionné comme s'il était presque neuf. Très satisfait, je recommande.",5,positif
258,"Eu le téléphone avec déjà le verre trempé dessus , fonctionne très bien!",5,positif
259,Telephone qui dysfonctionne dès sa première utilisation obligé de le renvoyer au top,1,négatif
260,Ma fille est très contente de son iPhone 8 très facile d utilisation je recommande,5,positif
261,"superbe produit, excellent conditionnement zéro défauts",5,positif
262,Très bon rapport qualité prix livraison rapide je recommande,5,positif
263,J'aime bien ce téléphone rien a dire la dessus,5,positif
264,"commandé le 23 aout, reçu le 24 aout. quelques rayures à peine visibles sur l'écran, capacité batterie 100%. A voir sur du long terme. Sinon très satisfaite, je recommande ce vendeur.",5,positif
265,Livraison rapide. Téléphone très beau et autonomie au top,5,positif
266,"Ca fait quelque jours que je l'utilise et il fonctionne très bien, il ne ce décharge pas vite, très bonne qualité photo, aucun bug, lague ou ralentissement, je recommande fortement si vous voulez un iPhone pas cher.",5,positif
267,C est pour ma fille de 14ans contente pour ce produit merci,5,positif
268,"Téléphone en excellent état, batterie à 100% Reçu comme neuf. Seul bémol : les écouteurs ne fonctionnent pas.",4,positif
269,Article livré très rapidement. Présentation dans un coffret neuf très bien emballé. Livraison avec tous les accessoires + coque et vitre pré-installées !,5,positif
270,Très bon téléphone comme neuf conforme à l'annonce,5,positif
271,Recommande ce produit,4,positif
272,très bien bien en main accessibilité ok luminosité ok,5,positif
273,"Franchement pour le prix ça va. Je trouve qu’il capte un peu moins bien que mon iPhone 6, et le chargeur chauffe quand je le branche jusqu’à 100% de batterie. Après ça reste un très bon téléphone qui fonctionne très bien.",4,positif
274,"J’adore mon achat merci beaucoup j’ai pu l’allumer très vite es le configurer comme je voulais , pour son prix vous avez mis les accessoires et plus pour cela merci beaucoup, je reviendrais très facilement même si je trouve mieux ailleurs car je sais que question de qualité il n’y aura pas mieux, je veux vraiment que vous sachiez que je suis très contente de mon achat à bientôt !",4,positif
275,"Livraison rapide, super esthétique, fonctionnalités au top",5,positif
276,téléphone reçu dans les temps avec les accessoires sauf coque et verre de protection et le téléphone chauffe très vite sinon rien a dire bon fonctionnement pour l'instant.,4,positif
277,Téléphone en très bon état mais pourcentage de batterie à 84%!!! Écouteurs non détecté ... pour le prix je m’attendais à mieux. 84% pour la batterie c’est trop peu,3,neutre
278,Livraison très rapide. Téléphone très jolie et état nickel ! Livré avec tout les accessoires + coque + verre trempé. Je suis très satisfaite et je recommande !,5,positif
279,"Livre comme neuf dans une boîte Apple , fonctionne super bien. Je suis enchanté par mon achat.",5,positif
280,"Très satisfait de cet achat , très bien emballé, complet , chargeur , oreillettes et câble ,coque de protection et survitre, je recommande",5,positif
281,Ma fille et très ravis de sont téléphone pour son anniversaire,5,positif
282,Livraison rapide. Téléphone en très bon état livré avec ses accessoires + verre de protection et coque.,5,positif
283,"Reconditionné mais on croirait vraiment un téléphone neuf, fonctionne très bien",5,positif
284,Livraison rapide article en parfait état,5,positif
285,"Acheter au bout 1 mois et déja des probleme de batterie iphone qui surchauffe dès quelque minutes d'utilisation et s'éteint tout seul. Impossible de le re allumer. L'ancien iphone 8 que j'avais acheter chez Apple je l'ai garder longtemps et aucun probleme. Je voulais faire des économies, déçue de cette achat je suis obligée de prendre un autre téléphone.",3,neutre
286,trés bon smartphone trés bon état pas de probleme pour le moment,5,positif
287,Il est parfait on dirai qu'il sort de l'usine. Sauf la batterie j'aurai préféré à 100% mais bon... Bonnes fonctionnalités.,5,positif
288,très propre et pas de défaut de fonctionnement,5,positif
289,"Le produit correspond à la description, envoi rapide.",5,positif
290,"Le telephone est parfait rien a dire est arrivé bien emballé avec tout ses accessoires le seul bémol c'est que ya pas marqué le pourcentage de batterie dans les parametres mais ya ecrit "" reparation"" du coup j'ai pas trop compris pourquoi",3,neutre
291,"une satisfaction inégalable, ce vendeur et son produit sont parfaits. le téléphone est arrivé rapidement, il est comme neuf, impeccablement emballé, fourni avec un protège écran installé sur le téléphone et une coque. une belle surprise. merci à vous",5,positif
292,Pour une simple utilisation le téléphone est super conforme a la description rien a dire,5,positif
293,rapport qualité prix excellent pour avoir accès à un iphone pour pré-ado pas cher!,5,positif
294,Bon produit arriver en 1 jours rien à dire très bien,5,positif
295,Reçu rapidement fonctionne très bien tout les accessoires y sont pour un reconditioner ont dirais un neuf même la batterie très satisfaite pour le prix,5,positif
296,Très bon produit fonctionne à merveille là batterie tient parfaitement pour un téléphone comme sa je recommande!!,5,positif
297,Téléphone en excellent état comme neuf livré avec une protection d’écran. Livraison ultra rapide rien à redire,5,positif
298,Conforme à la description,5,positif
299,Reconditionnement à neuf Boit d’origine scellée Téléphone irréprochable Merci,5,positif
300,Parfait .état neuf !!,5,positif
301,Telephone qui ne s allume.pas !!!! Je vais faire.un retour au plus vite,1,négatif
302,Reçu dans les temps état impeccable.,5,positif
303,Le produit est reconditionner à neuf mais l’état de la batterie est à 94% inadmissible,2,négatif
304,très satisfaite dans l'ensemble mais je trouve que la batterie ne tient pas très longtemps et le téléphone chauffe beaucoup quand je joue...!!,4,positif
305,"Commande passée le samedi matin et reçue le lundi suivant : livraison super rapide . Colis bien emballé et l'appareil est super beau ! L'effet miroir sur le dos de la coque : très stylé, j'adore !!!! Mise en route facile. Je recommande !",5,positif
306,Produit vraiment comme un article neuf,5,positif
307,Reconditionnement ok Là touche menu dysfonctionne au bout d’1 mois Grosse interrogation sur la longévité du téléphone….,2,négatif
308,Téléphone qui a fonctionné 3 mins...le tactile ne répond plus.,1,négatif
309,L’extérieur est en très bon état mais le tactile ne fonctionne pas toujours bien la page du téléphone est des fois décalée Mais je ne peux pas renvoyer le téléphone car j’en ai pas de rechange je suis obligée de garder celui là Mais je ne pense pas qu’il durera longtemps Cordialement,2,négatif
310,"Tres bon produit, recu rapidement Je recommande.",3,neutre
311,"très bonne état, comme neuf, livraison rapide et parfaite, emballage et accessoires d'origine, je recommande ce vendeur",5,positif
312,Rien à Signaler il est parfait,5,positif
313,"Contente de mon iPhone , reçu rapidement et pour l’instant tout est ok",5,positif
314,Pour le moment tout est impeccable avec la boîte et accessoires je recommande,5,positif
315,Très bon état sans rayures sans pète. Chargeur d'origine Mais petit soucis les écouteurs ne fonctionnent pas. Donc c'est dommages mais bon,3,neutre
316,Parce donner 5 à un produit reconditionné donc d'occasion garantie 6 mois c'eut été inconvenant même si le produit semble très correcte. Je laisse donc le temps me dire si l'excellence eut été de mise ou pas selon que une durabilité d'au moins 5 ans..,4,positif
317,"Livraison rapide et pas cher , conforme à la description très bon produit presque neuf..... génial , je recommande ce vendeur et merci c discount",4,positif
318,"En Très bon état ,téléphone en parfaite état très content mon fils",5,positif
319,"Très bon achat, fonctionne bien. A recommander à tout le monde.",5,positif
320,Aucune soucis téléphone impeccable je suis content de l acheté,5,positif
321,Téléphone en service depuis 2 semaines pour ma femme. Aucun souci. Batterie 100%. Accessoires non Apple mais fonctionne. Pas de bruit lors de la prise de photo. Je recommande.,5,positif
322,"Mon téléphone est comme neuf. Livré sous film, avec des accessoires neufs, avec sa batterie visiblement neuve.... Parfait !",5,positif
323,"Vous être une entreprise très professionnelle , on peut tout avoir",4,positif
324,Téléphone hyper bien emballé super état batterie à 96% touché qui fonctionne parfaitement je recommande ++++,5,positif
325,"Je l’ai acheté pour mon fils ,il est tres content comme du neuf vendeur assez réactif je l’ai reçu deux jours après la commande.Je ne regrette pas mon achat.Merci",5,positif
326,Perfect item quick delivery and in perfect condition as described,5,positif
327,"Très bon produit, livraison rapide comme neuf.Très contente de mon achat je recommande.",5,positif
328,Reconditionné presque parfait mais un problème avec le bouton du son est apparue quelque temps après l'achat.,4,positif
329,je vous déconseille de n'est acheté cet iPhone car je le fait tomber juste une seul fois par terre et l'écran n'est marche plus.,1,négatif
330,Choix cohérent pour du matériel reconditionner avec bon rapport qualité prix,5,positif
331,Produit comme neuf! Batterie à 99% et a toutes ses fonctionnalités pour le moment. Livraison très rapide reçu en 2 jours! Très satisfaite,5,positif
332,Livré le lendemain de la commande parfait état fonctionnalités tout ok accessoires ok je recommande ce vendeur,5,positif
333,"Très satisfait du iphone 8.Exellent état.Envoi rapide,reçu avec boite,chargeur,écouteur d'origine,2 coques silicone transparente et 2 verres trempés.(c'est rare).",5,positif
334,"Septique sur les produits reconditionnés, j'ai sauté le pas, je me retrouve avec un APPLE 8 64 GO dans les mains ! Pour l'instant, je suis très contente du produit, de la qualité du Iphone, du professionnalisme du vendeur. Pas facile à gérer tout mais je fais plus ample connaissance avec mes produits APPLE.",5,positif
335,"Problème de micro, le son est comme coincé, je ne comprend pas.",3,neutre
336,Produit arrivé dans les temps conforme à la description et fonctionne très bien pour l’instant à voir sur le long terme.,4,positif
337,Produit sous blister Très contente de mon achat Coque plus vitre de protection,5,positif
338,Après avoir reçu l iPhone avec bug du tactil changer par le vendeur rapidement,4,positif
339,"revendeur sérieux, rapide pour la livraison, téléphone impeccable",4,positif
340,Parfait je recommande vivement ! Livré en très peu de temps débloquer tous opérateurs et avec tous ses accessoires ! Parfait à y aller les yeux fermés !,5,positif
341,"J’ai reçu aucun accessoires à part le chargeur, par rapport au prix je pense que cela doit être arrangé. Vous auriez pu au moins mettre les écouteurs. En plus la batterie est déjà à 86% de sa capacité maximum ? Bref.",3,neutre
342,Batterie à 100 % aucune rayure neuf avec boite et chargeur,5,positif
343,super ravie de mon achat pour ma fille. batterie à 100% le top. commande reçu rapidement comme d'habitude chez Cdiscount le top. bien emballer. je recommande les yeux fermée.,5,positif
344,Je recommande cette iphone 8 comme neuf reçu rapidement et fonctionne à merveille,5,positif
345,mauvais fonctionnement de l'ouverture par l'empreinte digitale. rien à signaler par ailleurs,4,positif
346,"Article arrivé très bien emballé, en parfait état comme neuf!",5,positif
347,"Bonjour Annonce répondant aux critères, délai de livraison respecté Tout va bien",5,positif
348,"Reçu un neuf, scellé Apple. Donc plus que satisfait",5,positif
349,Produit en très bon état. Emballé comme un neuf. Tout fonctionne pour l’instant. Très satisfait,5,positif
350,Très bon produit ! Suis très satisfaite de mon achat!,5,positif
351,"Téléphone en excellent état général, conforme à la description,envoie rapide reçu en 48h. Seul bémol la batterie aurait pu être neuve, hors la elle est a 84%",5,positif
352,"Reçu comme neuf, bon rapport qualité prix. Bonne performance. Je recommande sans hésitation.",5,positif
353,"téléphone neuf, batterie a 100% et super accessoire je recommande.",5,positif
354,"Bonjour, j'aicommandé ce téléphone pour ma fille et elle en est ravie. Super téléphone que du positif.",5,positif
355,"Envoi très rapide et IPhone parfaitement conforme à la description. Je l’ai que depuis une semaine, et je ne suis vraiment pas déçu.",5,positif
356,Le recondionnement est parfait. Aucune marque sur le téléphone. Excellent rapport qualité / prix.,5,positif
357,Très bon produit conforme à la description sur le site.,5,positif
358,J'ai pris ce modele pour mon petit fils de 14 ans qui me dis qu il en ai très content,4,positif
359,L’article correspond à mes attentes. Fonctionne parfaitement pour le moment,5,positif
360,Article conforme a la description Tres bien emballé et reçu rapidement,5,positif
361,"Bonjour, je suis ravie de mon achat Arrivé sous 2 jours seulement Téléphone parfaitement emballé En excellent état Fonctionne parfaitement Accessoires fournis",5,positif
362,Il est arrivé vite par Chronopost je le recommande !,4,positif
363,Le téléphone était en très bon état Parfait Aucun beug,5,positif
364,Produit envoyé conforme fonctionne très bien et bel etat,5,positif
365,Batterie pas top mais pour le prix rien à dire de plus car produit livré comme décrit,4,positif
366,"Bon rapport qualité prix, bon fonctionnement de l'appareil, reçu rapidement.",5,positif
367,"Bonjour Depuis que j’ai eu cet iPhone 8 il beug trooooop, c’était marqué comme neuf mais je n’ai jamais vu un téléphone qui beug comme celui ci, j’avais des applications sur son burea , d’un seul coup il a tout effacé , il prends beaucoup de temps pour ouvrir une application, surtout les applications du gps, on parle pas, catastrophes... je n’arrive pas à le manipuler et il m’a trop fatigué !!! Laissez tombé des smartphone déconditionnés... c’est du n’importe quoi, ils change juste la coq et ils les vents a des prix élevés Lescroquerie moderne ....",1,négatif
368,"commande super rapide,iphone8 en bon état extérieur. Reste à voir sur le long therme les fonctionnalités.",5,positif
369,"Très bon rapport qualité/prix. Livraison rapide. L’iPhone marche parfaitement, aucun problèmes rencontrés.",5,positif
370,"Bonjour , commande reçu rapidement rien à dire par contre le son est nul on m entend mal au bout de 2 semaines d utilisation c est dommage et qd je met les écouteur c est pire malheureusement. Je souhaite un remboursement ou dois je l envoyé svp",1,négatif
371,"Reçu à la date prévue, dans sa boîte d’origine avec tous les accessoires état impeccable ! Je recommande fortement",5,positif
372,Livraison très rapide Très bon produit exactement l annonce Merci,4,positif
373,"Reçu très rapidement en trois jours environs, au début le téléphone aller niquel malgré quelque beug par la suite le tactile ne voulait plus fonctionner j’étais obliger de faire des démarres forcer afin qu’il fonctionne de nouveau. Et là après deux mois d’achats la batterie a gonfler décollant l’écran du téléphone du châssis. Le chargeur ne tient plus à l’intérieur du téléphone cets dommage car ce téléphone me plaît vraiment.. Reçu avec boîte originale sous booster avec chargeur et écouteurs",3,neutre
374,Il es au top le seul hic la couleur l or tire plutôt sur un rosé pâle,5,positif
375,ma fille est ravie!! on l'a pris en rose et il est juste trop beau!! pour l'instant aucun soucis avec a voir dans le temps....,5,positif
376,"Je acheté se produit pour ma fille qui est ravie, je recommande à tous",5,positif
377,"Iphone livré dans sa boite d'origine, comme un neuf. Fourni avec le câble, le chargeur et les écouteurs Apple. Superbe. Merci à ce vendeur.",5,positif
378,Oui produits formelle à laDescription produit parfait,5,positif
379,"Livraison rapide (commande passée un samedi après-midi, reçue le mercredi). iPhone livré avec chargeur et écouteurs, le tout en parfait état",5,positif
380,Téléphone reçu dans un état neuf livraison très rapide mais au bout de quelque jour le téléphone beug a du mal à s’allumer et ne prend plus la charge,1,négatif
381,"Téléphone reçu comme neuf sur l'aspect esthétique (écran et structure). Les accessoires sont neuf. Il fonctionne très bien, pas de bug. Le seul bémol étant l'état de la batterie qui est seulement à 88%. Vraiment dommage pour un téléphone considéré comme neuf. Je met 4 étoiles.",4,positif
382,"Tout est propre et impeccable, je suis vraiment satisfaite. Reçu rapidement et le téléphone est tellement propre que l’on dirait un neuf. Il fonctionne parfaitement.",5,positif
383,Rien a dire vraiment pas déçu pour un iPhone reconditionné accessoires comme neuf aussi,5,positif
384,"Aprés utilisation , pas de mauvaise surprise , fonctionne trés bien sans savoir si j'ai vraiment tout utilisé Bien protégé à l'expédition et reçu largement dans les temps , à recommander .",5,positif
385,"Pour le moment il fonctionne bien, je ne peux pas trop grand chose cela fait juste 2 jours que je l'utilise. A voir dans le temps. Sinon très bonne qualité.",4,positif
386,Le téléphone est comme là description mais c’est dommage la batterie est à 85% pour un produit à neuf.,3,neutre
387,le téléphone marche super bien au début il beuguer trop l'écran resté statique mais savant depuis quelques mois. pas de problème de charge ni de surchauffement. je suis contente du produit j'ai recommande.,5,positif
388,"Tout était parfait (super état, super prix) mais en contrôlant la batterie surprise : état de la batterie : RÉPARATION Je suis dégouté et je ne comprends pas comment ce téléphone a pu passer le test batterie",1,négatif
389,Livraison avant même la date prévue ! Appareil comme neuf avec tous les accessoires avec un très bon rapport qualité prix. Merci au vendeur pour son efficacité :-),5,positif
390,"Envoie rapide , très satisfaite en excellent état .",5,positif
391,Comme neuf !!! Le téléphone n’avait aucun défaut en plus ils offrent le protège écrans ainsi que coque transparente légère.,5,positif
392,reçu tres vite tres bien sauf que le bouton rond de commande semble bouger a voir dans le mois,4,positif
393,"Sans aucun défaut jusqu'à presente! Dans la boîte Apple: Iphone 8, coque transparente, chargeur, écouteurs, outil d'ouverture et user guide.",5,positif
394,"Contente de mon achat, il est comme neuf le téléphone",5,positif
395,"Inconditionnelle de l'Iphone depuis sa création, c'est mon 1er reconditionné. Si les fonctionnalités Apple sont au rendez-vous et l'apparence et le packaging effectivement ""comme neuf"", je suis déçue par les écouteurs qui n'auront pas duré plus de 6 mois (Durée de la garantie???) pour un usage modéré. Déçue également par le modèle qui ne permet pas de recharger l'appareil si vous utilisez les écouteurs filaires puisque l'emplacement est le même.",3,neutre
396,"Pour être comme neuf, il est comme neuf, pas une égratignure. Pour l'instant il fonctionne parfaitement, pourvu que ça dur. Écouteur Apple fourni. Une protection aurait été un plus.",5,positif
397,"Bonjour,je recommande c'est parfait téléphone en très bon état. Bonne communication avec le vendeur.",5,positif
398,Reçu très rapidement. Emballage top et très complet. I phone comme neuf. Fonctionne très bien pour l'instant. Je recommande ce conditionneur.,5,positif
399,"Je recommande cette article, tout est parfait . Rien à redire.",5,positif
400,Produit conforme à mes attentes et pour un prix raisonnable,5,positif
401,Je conseille vraiment le téléphone est vraiment comme neuf. Pour l'instant tout est ok. La livraison est vraiment rapide. Je recommande ce vendeur qui est vraiment très professionnel.,5,positif
402,"Trop contente de mon achat , téléphone comme neuf :)",5,positif
403,"Excellent produit reconditionné, excellent prix, excellent package, excellente livraison.",5,positif
404,je suis déçu caméra qualité médiocre tactile très mauvais on dirait pas un iphone c'est comme si un chinois. A fuir ...,1,négatif
405,Très bien emballé avec une coque et un verre trempé offert. Je conseil vraiment ce vendeur la batterie état 100%,5,positif
406,"franchement hésitant au départ, je peux désormais affirmer après 3 mois d'utilisation que cet IPhone 8 est l'un des meilleurs concentré de technologie que j'ai eu, des photos magnifique un écran parfait et une rapidité d'exécution inégalée selon moi pour c type de téléphone. Vivement mon prochain achat du même type !",5,positif
407,C’est un bon geste pour la planète Pourquoi acheter plus cher pour les mêmes fonctions,5,positif
408,Je le recommande pour ce qui ont un petit budget. Meme reconditionner il reste en tres bonne etat de fonctionnement.,5,positif
409,nikel fonctionne bien recus rapidement correspond pour un reconditionné nikel,5,positif
410,État correct mais le téléphone beug énormément il s'éteint tout seul,5,positif
411,Deux téléphone acheter pour noël Un parfait l autre beug par moment Obliger de l éteindre et de le rallumer,3,neutre
412,Satisfaite mais soucis impossible de mettre le iMessage,5,positif
413,Le téléphone est de bonne qualité Et a été livrée rapidement,4,positif
414,super produit tres bonne qualiter ma fille aime beaucoup,5,positif
415,Aucune rayure téléphone avec boîte d originé batterie impeccable,5,positif
416,Je n'ai pas réussi à deviner s'il était neuf ou d'occasion. Juste bien et rapidement livré,5,positif
417,"Évidemment ce n'est pas le dernier modèle, mais je suis très satisfaite de mon achat rapport qualité/prix. Je suis très attachée à la dimension de produit recyclé.",4,positif
418,Téléphone super très bonne achat le recommande fonctionne très bien merci à vous,5,positif
419,Très très satisfait heureux de tous mes achats que j'ai fait dur cdiscount,4,positif
420,"Impossible de prendre des photos, que des selfies peut importe si c’est avec la caméra ou les réseaux sociaux..",3,neutre
421,C neuf vraiment j ai pris la 8 fonctionne très bien,5,positif
422,"Produit conforme à ma demande. Bien emballé, et facile d’utilisation.",5,positif
423,Produit correspondant à la description. Très bon rapport qualité prix. Je conseille.,5,positif
424,téléphone quasi neuf avec accessoires de la marque iphone contrairement à certain...,5,positif
425,commander pour ma fille super content livraison rapide bon rapport qualité prix vendeur a écoute en cas de question,5,positif
426,Téléphone au top. Avec écouteurs. Chargeur neuf. Écrans de protection. Le seul bemol capacité du chargeur 85%. Pour un comme neuf au moin 95%. Sans ca portable nikel. Recommende.,4,positif
427,PRODUIT QUASI IDENTIQUE A UN NEUF MISE EN SERVICE SIMPLE ET RAPIDE BELLE COULEUR A VOIR A L USAGE,4,positif
428,iphone 8 64GO reconditionner à neuf... simplement génial.. fonctionne parfaitement... rien à redire..,5,positif
429,"Correspond tout à fait à mes attentent, avec une expédition soignée.",5,positif
430,"L’appareil a été livré avec beaucoup d’accessoire, il semble neuf et fonctionne parfaitement.",5,positif
431,Fonctionne parfaitement bien vraiment neuf exactement se que je voulais tel que sur la photo,5,positif
432,livraison rapide conforme a la description facile a transferer les donnees aune rayure....neuf,5,positif
433,Bonjour iPhone reçu en 1 jour en très bonne état avec un verre trempé et une coque Il est comme neuf la batterie et a 100 pour-cent Je recommande les yeux fermés,5,positif
434,Très contente du produit et livraison avant Noël c'est génial,5,positif
435,produit parfait mise en service facile d’ un iPhone à l’autre juste bien faire la sauve garde iCloud .,5,positif
436,"Expédition rapide , emballage de bonne qualité et iPhone quasi neuf . Tout est conforme à mes attentes . Je suis très satisfait de mon achat",5,positif
437,C est un modèle issue de l Asie car les fonctionnalités ne sont pas les mêmes. Ainsi il est impossible de couper le son de l appareil photo ou sur Snapchat. De même aucune vitre de protection ne fonctionne sur cet appareil. Je suis déçue,1,négatif
438,"emballage parfait, envoi rapide. tout comme prévu. juste un petit problème, les écouteurs ne fonctionne pas. Mais je viens de m'en apercevoir, trop longtemps après la livraison pour en tenir rigueur au vendeur. vendeur à recommander",4,positif
439,L’article est reconditionné mais « comme neuf » et la batterie est fonctionnelle à 86 %.. cela aurait dû être précisé dans l’annonce !,3,neutre
440,Tout allait bien super bien jusque y a quelques semaines ( 6 mois après l achat) objectif pour prendre les photos deconnant ça gigote ...le devant du téléphone se décolle je suis très déçue photo a l appuie,2,négatif
441,"Ce produit a été vendu comme un produit reconditionne mais en fait il est neuf, n’a jamais été utilisé. De plus, je l’ai commandé le lundi soir et l’ai réceptionné le mercredi à midi, parfaitement emballé et avec 2 coques et 2 protections d’écran en sus. Que demander de plus?",5,positif
442,Très bon produit reçu dans son emballage avec tout les accessoires et correspond à mes attentes,5,positif
443,"Téléphone arrivé en très bon état pas de rayures bien emballé avec ses accessoires ,seul petit bémol l’écran se bloque quelques secondes mais pas tout le temps",4,positif
444,"J'ai acheté ce portable pour ma fille qui l'utilise depuis 3-4 jours donc tout récemment, il n' y a pas de soucis pour le moment à voir après sur la durée.",4,positif
445,Tout est Ok comme Neuf !! Avec chargeur et écouteurs bien emballer da's sa boite d'origine,5,positif
446,Iphone comme neuf.. Bien emballé Dommage pour les accessoires qui sont pas top par rapport à l'iphone Mais dans l'ensemble satisfaite du cadeau de Noël pour ma fille,4,positif
447,Cadeau de noel pour ma fille 2eme iphone 8 achete comme neuf et toujours aussi surpris,5,positif
448,"kdo pour ma femme super,elle est ravie on croirait un neuf emballage parfait",5,positif
449,"État impeccable, aucune rayure, comme neuf... fonctionne nickel pour une première utilisation, transfert depuis iPhone 6 ok. Idem pour la livraison, pas de mauvaise surprise.",5,positif
450,"Très bien la personne reçu est très contente, et ça fonctionne pas mal",5,positif
451,parfait fonctionne très bien en parfait état le seul bémol c'est que pour le prix il n'est pas livré avec le chargeur d'origine mais un standard sinon très bien je recommande,4,positif
452,Les gars c réel viens en avance même tout les accessoires avec,5,positif
453,Tres beau tel comme neuf ma petite fille en est heureuse,5,positif
454,"Je l'ai offert à ma fille et elle était ravi, notez que l'état la batterie est à 85% alors qu'il était censé être ""comme neuf"" donc minimum 95%. Malgré des écouteurs hors service le téléphone fonctionne très bien sans bug. A voir avec le temps !",4,positif
455,"Pas cher, arrivé avant Noël avec 2 coques transparentes et 2 verres trempés que demander de mieux ?? État de la Batterie à 99%. Niquel !!!",5,positif
456,Rien à dire produit excellent reçu rapidement ?? je recommande?,5,positif
457,"Livraison rapide, super emballage comme d'origine, transfert de l'ancien au nouveau sans soucis, mais au moment de le réutiliser plus aucune commande de l'écran tactile ne fonctionnait. En cherchant sur internet j'ai trouvé comment l éteindre et le redémarrer (le + puis le - bouton latéral puis rester appuyer un moment sur bouton pour l'éteindre) et depuis plus de soucis, fonctionne très bien, ma fille en est ravi.",4,positif
458,"Appareil tombé en panne intermittente au bout de 2 mois. Seul bon point, le vendeur a accepté de le rembourser sans discuter. A l'avenir j'éviterai le reconditionné.",1,négatif
459,je suis tres contente de mon achate et c est un tres bon telephone,5,positif
460,Je suis contente car téléphone recus en très bonne état avec tous ces accessoires chargeur 2 protection d'écran kite main libre protection transparente je recommande et la livraison rapide,5,positif
461,Recu 2 jour après la commande téléphone en parfait état très bien emballé ravi de mon achat,5,positif
462,"Très bon produit ,l iPhone est très bien aucune rayure pour un reconditionnement a neuf Très contente de mon achat",5,positif
463,Téléphone reconductione bonne réception fonctionnalité bonne,4,positif
464,appareil conforme à la descripstion livré rapidement 48h avec chargeur et vitre anti-casse,5,positif
465,wouah trés satisfaite de ce produit ca vaut trés bien son prix,5,positif
466,"J'ai acheté ce téléphone à ma fille, il fonctionne très bien, produit bien emballée comme neuf, merci",4,positif
467,"Bonjour, Je recommande fortement cette iphone 8 Et le vendeur également ! 100% honnête et sérieux Merci à vous de votre vente jen suis très contente bien emballer marcher bien aucun beug pour le moment Pas rayé merciii beaucoup pour votre sérieux car cest rare",5,positif
468,Il est magnifique et fonctionne très bien. Je recommande,4,positif
469,"reçu dans les temps, sous blister très bien emballer!",5,positif
470,"Incroyable, il est magnifique, on dirait carrément un neuf, boîte d'origine avec écouteur, chargeur, tout emballé comme un neuf tellement on sait demandé s'il ne s'était pas trompé et nous avez envoyé un neuf !!",5,positif
471,merci bien recu mon produit en bonne état fonctionne bien j'en suis satisfaite merci,5,positif
472,"rien a dire comme neuf, merci je le conseille, et surtout livraison dans les délais .",5,positif
473,"aucune rayure,pas de coup.comme neuf quoi.. Je recommande ce vendeur sans hésitation",5,positif
474,Très bon produit comme indiquer Téléphone reconditionner suis très contente de mon achat,3,neutre
475,"Rien à redire au niveau de l'état du téléphone, mais c'est dommage de ne pas avoir la boîte d'origine avec les écouteurs et chargeur Apple. Me manque la certitude qu'il aie bien été reconditionné en France.",4,positif
476,Très bon article livré comme neuf avec la protection de la vitre et du téléphone.,5,positif
477,"rien a redire, parfait pour le moment ! je recommande vivement ce marchant, car tout est arrivé nickel ...",5,positif
478,envois super rapide vraiment très très rapide et produit état neuf ma fille est ravis je suis un fervent du reconditionne car moins de déchet pour notre belle planète qui est déjà bien toucher,5,positif
479,"Reçu dans les temps, en bon état. Malheureusement, les écouteurs fournis avec ne fonctionnent pas.",4,positif
480,Nickel marqué comme neuf et c'est le cas je suis super satisfait,5,positif
481,"Reste à s'en servir, mais pour le moment il fonctionne très bien et l'état était comme neuf. Comme il s'agit d'un reconditionné, je ne m'avance pas trop, un vice caché peut être toujours possible d'apparaître. Cependant, pour le moment tout est ok.",5,positif
482,Arriver rapidement après commande le tel est nickel,4,positif
483,Envoi rapide et prix raisonnable le portable et nickel,5,positif
484,iPhone reçu rapidement Fonctionne parfaitement l’annonce était bien détaillé l’iPhone était dans un bon état je recommande acheté pour ma fille,4,positif
485,Écouteur HS aussi non iPhone tiens bien la charge. Livraison rapide aussi,4,positif
486,"l'appareil phot ne fonctionne pas, plus de sonnerie, plus de réaction à l'écran tactile, plus d'appel vidéos possible... Une déception car cela fait déjà 2 échanges !",1,négatif
487,"bonne qualité , pas décue , le colis est arrivé très vite , ma fille était ravie",4,positif
488,"Juste génial , j’étais très surprise de savoir si c’était neuf ! Je l’ai reçu dans la boîte d’origine, avec un protège écran . Juste à essayer car c’est pour un cadeau",5,positif
489,Aucun problème pour cette article je recommande sans problème,5,positif
490,Mis en service de suite tres simple d utilisation Bon etat Comme neuf,5,positif
491,Recu tres rapidement emballage nickel plus qu a attendre noel pour l offrir,5,positif
492,Très bien pour le moment à voir dans le temps si toujours aussi fonctionnel,5,positif
493,"pas de surprise, appareil comme neuf. super content",5,positif
494,Envoie rapide dommage qu il y a pa la boîte d origine,4,positif
495,Il y a juste le bruit de l’appareil photo que l’on peut pas enlever même en silencieux. Sinon vraiment ravi du téléphone.,5,positif
496,"Identique a la description, envoi très rapide et emballage très soigné. Fonctionnel dès la mise en route.",5,positif
497,Satisfaisant pour un téléphone reconditionne marche très bien mais un peu chère pour de l'occasion...,4,positif
498,"Bonjour temps de livraison respecte téléphone état proche du neuf,pas une rayure dans ça boîte d origine ! Franchement rien à dire . Parfait je recommande !!",5,positif
499,Je les commande jeudi je les reçu aujourd'hui je les pas encore utilisé mais a l'air comme neuf juste que en dessous de iphone ya rien écrié alors que normalement ya écrié de chose quelqu'un a ça aussi !?,5,positif
500,Très bon vendeur le téléphone est nickel reçu dans la boîte original sous plastique. Merci,5,positif
501,"C'est un iphone Japonais !!! Du coup selon la loi en vigueur là-bas, le son de l'appareil photo ne peut pas se retirer ! J'ai payé pour avoir un iphone dont je peux retirer le son de l'obturateur de l'appareil photo. Je dois jailbreak mon tel ??",1,négatif
502,"pour offrir à une amie ,recente aide soignante,son iphone 7 etant cassé",4,positif
503,Vendeur de confiance proposant un très bon produit reconditionné à très bon prix.,5,positif
504,rien a dire sur l'état externe mais le plus important: micro et haut parleur ne fonctionnais pas très bien.,2,négatif
505,"Commandé le vendredi, reçu le lundi. Etat irréprochable, semblant neuf. Fonctionne parfaitement avec une batterie 91%. Je suis entièrement satisfait.",5,positif
506,Fonctionne très bien au niveau de la connexion internet aussi ça marche très bien pour y accéder au fonctionnalité pas des soucis,5,positif
507,J'ai cette note car le produit très bien ainsi que la rapidité de l'envoi.,5,positif
508,Très content de ce téléphone bon niveau de batterie,5,positif
509,iPhone arrivé sous Bristol. Bon état général. Fonctionne bien.,3,neutre
510,aucune rayure fonctionne bien mais la batterie ce décharge très vite,3,neutre
511,"J'ai juste l'impression d'avoir un Iphone 8, tout neuf! Je vous recommande cette entreprise",5,positif
512,"J'ai pris ce iPhone 8 pour ma fille de 17ans, j'avoue que j'étais un peu septique quand au fait qu'il soit reconditionné a neuf, et franchement je ne suis pas déçue du tout. Envoi hyper rapide, dans sa boîte d'origine avec ses accessoires sous blister, coque silicone + vitre en verre trempé déjà posée, chargeur et ses écouteurs qui m'ont étés envoyés car oublié dans la boîte, je les ai reçu aujourd'hui au bout qq jours après ma demande auprès du vendeur qui a communiqué très rapidement. Fonctionne parfaitement et ma fille l'adore. Je recommande ce vendeur super sérieux ++++++ Merci.",5,positif
513,"Téléphone reçu dans les délais annoncés, parfaitement sans rayures, raison pour laquelle je ne mets pas qu'une étoile. La raison de la mauvaise note, c'est l'écran qui a été changé. Il ne s'agit pas d'un écran rétina mais d'un écran adaptable et le True Tone n'est pas disponible, contrairement au descriptif donné sur la page ""présentation produit"". Je demande à retourner le produit.",2,négatif
514,"L'iphone est arrivé sous boite d'origine, commandé pour ma fille il correspond à toutes mes attentes. Il y comportait une coque en silicone et une double vitre ! Iphone de qualité je recommande.",5,positif
515,"Je m’attendais à recevoir un produit reconditionne j’ai l’impression qu’il sortez de chez Apple , protection partout , accessoires Apple neuf avec protection, téléphone zéro défaut honnêtement mise à part que j’ai dû restaurer pour passer à iOS14 c’est au top",5,positif
516,Livraison rapide et en excellent état. Pas de pb de batterie pour un reconditionné. Conforme au descriptif .,3,neutre
517,execellent comme dans la description rien a dire pour ce prix,5,positif
518,Comme neuf ! Tout est dit ....merci ! Envoi bien reçu et très rapide . Je recommande,5,positif
519,"Livraison dans les délais, téléphone impeccable, très bonne fonctionnalité(à voir dans le temps), livré avec deux coques ,deux protections écran et accessoires ! Très bon rapport qualité prix.",5,positif
520,1 mois que je l’es et le bouton principal vibre très fort et un bruit très fort aussi impossible d’enlever sa,1,négatif
521,Produit conforme au descriptif. Livré dans une boite Apple,5,positif
522,"Bonjour, Une catastrophe, le téléphone ne fonctionne plus. Il y a eu des petits buts au début et là ""page noire"". Ça ne fait pas un mois que nous l'avons. Je vais le retourner",1,négatif
523,"très bon produit, pas de rayures, vitre de protection batterie a 100%. le tout livré en 3jours. très très content de cet achat.",5,positif
524,PARFAIT J AI CRU QU IL ETAIT NEUF . PETIT MEMOL SUR LA QUALITE DES ECOUTEURS FOURNIS AVEC,5,positif
525,"Téléphone commandé le mercredi soir, reçu le vendredi matin, dans sa boîte et ses accessoires d'origine Téléphone neuf, fourni avec une coque arrière transparente et un film en verre trempé État de la batterie à 100% Aucun problème à signaler, testé de A à Z (appareil photo, Touch ID, 3D Touch etc...) Petit hic: c'est un iPhone japonais (aucune différence visuelle, esthétique, fonctionnalités etc...), juste quand on prend une photo en mode silencieux, il fait toujours le bruit de la capture (législation japonaise pour éviter de prendre des photos à l'insu des personnes), mais cela me dérange pas du tout",5,positif
526,"Satisfaite, je m’attendais à pire ! C’est le premier Téléphone que je commande sur un site hors opérateur",5,positif
527,L’IPhone est complet avec tous les accessoires emballés. L’IPhone comporte un film de protection et un verre trempé. Aucune rayure et batterie à 100%. Commandé le vendredi après-midi reçu le lendemain avant midi. Recommande à 200%.,5,positif
528,Reçue dans une boite neutre et conforme à la description sans rayure je le recommande,5,positif
529,je recommande ce produit car pas de différence avec un neuf voir à l'utilisation rebooster avec ios 14 sans problème,5,positif
530,"Rien a redire, fonctionne très bien, capacité batterie à 100%, boite et accessoires d’origine",5,positif
531,"Téléphone reçu dans les temps. Très contente de notre achat, malheureusement 10 après le téléphone est hors service. On viens de faire les démarches pour les réparations, on attend une réponse du vendeur qui j'espère s'occupera du problèmes rapidement.",1,négatif
532,"Bonjour commande iPhone 8 rapide état neuf ras , avec accessoires neuf dans boîte origine",5,positif
533,"L'Iphone est en bon état mais il n'était pas précisé dans la description qu'il s'agissait d'un iphone Japonais. Sur ces modèles, le son lors de la prise de photo ne peut être supprimé. Pas très honnête d'avoir oublier ce ""détail"".",1,négatif
534,"Le produit n'est pas aux normes CE, certainement un produit d'importation, je me demande comment il a pu atterrir sur le site",1,négatif
535,Desoler mais pour moi sa ne faut pas se prix car un téléphone qui a besoin d etre charger 2 fois par jour c est plus que désolant mais bon tempis pour le reste rien a redire,4,positif
536,Satisfait de cette achat le téléphone est en très bonne état je recommande .,4,positif
537,"on peut pas retirer le son de l’appareil photo, le clavier beug ET la battrie est à 64%",1,négatif
538,Suite à cette commande j’ai eu la surprise d.avoir en plus une coque arrière et un film de protection.,5,positif
539,Livraison rapide et produit impeccable je recommande merci,3,neutre
540,Expédition rapide et conforme ! Satisfait de mon achat.,5,positif
541,Reçu très vite 2 jours rien a dire je recommande vivement,5,positif
542,"J’ai mon iPhone depuis maintenant 7 mois et plus grand chose ne va. Pour ceux qui se demanderaient, il n’y a aucun moyen de retirer le bruit en prenant une photo en achetant ici mais ce n’est pas tant dérangeant. Le chargeur dans la boîte a très vite arrêté de fonctionner mais ce n’est pas grave non plus. Mais là, tous les boutons commencent à ne plus fonctionner. D’abord celui pour mettre en silencieux, ensuite le bouton de verrouillage et maintenant je ne peux plus augmenter le son. Clairement déçue après seulement 7mois...",2,négatif
543,J ai reçus mon téléphone rapidement top produit état nickel juste un point qui est important c est la batterie 87% qui a mon habitude auras pas une longue durée de vie j ai un iPhone 6 depuis 4ans je suis à 92% à ce jour or l’autonomie soit l état de la batterie pour moi c est très important donc je retourne pour prendre un autre .,2,négatif
544,Bonjour je suis vraiment impressionné de la rapidité d’envoi ainsi que la qualité de cet iPhone 8 64go reconditionné ... livré avec sa boîte d’origine et tout ses accessoires !! Il est comme sorti d’usine ! Et son prix mini !!! Je conseille vivement ce vendeur ! Merci encore au vendeur et à toute l’équipe CDISCOUNT !!,5,positif
545,pièce N seulement une quand il en faut 2 pour finir le montage,2,négatif
546,"Téléphone en parfait état aucun défauts, livré très rapidement (1 jour) avec un bon suivi. Boîte originale avec écouteurs et chargeur.",5,positif
547,Je recommande +++++ Reçu très rapidement ! Article conforme à la description !,5,positif
548,"Je recommande ce téléphone est comme neuf , chargeur intégré.",5,positif
549,"Cela fait 3 mois que je l'ai acheté , il marche bien , charge bien, bug très rarement , par contre petit hic , lorsque je visionne certaines vidéos snapchat/instagram celles-ci sont lentes ( cela dure quelques secondes et ensuite ça ne bug plus ) de plus lorsque l'on prend une photo il y'a le son même si je suis allée dans les réglages etc.. rien à faire, je pense que c'est une particularité des téléphones reconditionnés . Cependant le prix est raisonnable et le téléphone fonctionne bien et est agréable à utiliser.",3,neutre
550,Commande passée avec beaucoup d’appréhension mais une reçu j’étais agréablement surprise téléphone en très bonne état comme neuf avec écouteurs chargeur dans sa boîte d’origine. Avec une plaque de protection et une coque transparente.Il fonctionne parfaitement bien .,5,positif
551,"iPhone correct, mais attention pour ce qui concerne l’appareil photo, impossible de couper le son quand on prend la photo ! Même si le téléphone est en silencieux, en vibreur... toujours bruit présent quand la photo est prise !",3,neutre
552,"Très bon rapport qualité prix , comme neuf , rien à dire concernant le téléphone ...cependant attendez vous à recevoir un accessoire en moins ou qui ne marche pas au bout de quelques jours ...pour ma part ( adaptateur manquant et écouteur qui ne marche pas )",5,positif
553,"Je suis satisfait, batterie reçue à 98%, aucune rayure.",5,positif
554,"Reçu en 2 jours! Au top, je suis très contente de mon achat, à prix raisonnable et reçu comme neuf comme indiqué dans l’annonce ! Je recommande",5,positif
555,"Produit impeccable, conforme à l'annonce. Rapidité de livraison",5,positif
556,"Appareil reçu comme neuf dans sa boite d'origine et sous blister ! Parfait - et pour couronner le tout, livraison plus rapide que prévue ! Bref, que du plus - Merci",5,positif
557,Vous avez prélevé 2 fois sur mon compte le téléphone Veuillez trouver une solution pour me rembourser rapidement,3,neutre
558,"Reçu le 16/07....telephone enveloppé dans sa boite d'origine, aucune rayures confirme a lannonce,vendu avec le chargeur,écouteurs et verre trempé....ma fille est heureuse fonctionne très bien je recommande",5,positif
559,Très bon téléphone. Bonne qualité rien a dire. Je recommande.,5,positif
560,Pas déçus de mon achat fonctionne très bien Juste deux petit impacts dans les coins de l iPhone mais rien de gênant pour le prix à voir dans le temps,4,positif
561,Téléphone reçu tout neuf. Dans son emballage d’origine Apple avec accessoire et batterie fonctionnelle à 100%,5,positif
562,"Bien reçu a temps et même à l'avance, ma fille est très contente le téléphone est tt neuf...",5,positif
563,J’ai acheté cet iPhone 8 reconditionne comme Neuf et il en est super content... comme quoi redonner une seconde vie à nos appareils est très intéressante et surtout d’un bon qualité prix.,5,positif
564,"Trop compliqué à mettre en œuvre. Nous avons passé au moins trois heures lundi soir à mettre l'appareil en marche. Nous sommes arrivés à le faire fonctionner. Nous le reprendrons ultérieurement pour finir d’installer, si on peut, les applications comme la réception des mails par exemple que nous n'avons pas réussi à mettre en place. Salutations. JC. MIRAILLES",2,négatif
565,Téléphone arrivé en temps et en heure. Comme neuf semble n’avoir jamais servi. Fonctionne parfaitement. Très contente,5,positif
566,meme si ce n´est pas un iphone original car Mackbook Air ne reconnait pas comme un produit apple mais il donne de prestations bon achat.,5,positif
567,bon produit juste livraison vraiment très très très longue,5,positif
568,"Super produit, pas de rayures, comme neuf. Je suis très satisfaite de mon achat. Expérience à refaire pour le prochain téléphone.",5,positif
569,"Reçu rapidement, état neuf avec verre trempé et coque en coffret d'origine non ouvert pour un reconditionn? il n'y a pas de différence avec un neuf, tout est fonctionnel. Très ravis sur tous les points de vue. La batterie affiche un pourcentage de 93% soit en parfait état de fonctionnement. Je ne le regrette pas.",5,positif
570,Apres une longue hésitation nous avons décidé de prendre un reconditionné pour notre fille nous somme pas déçu seulement le chargeur ne fonctionnait plus au bout d'une semaine mais le téléphone est bien.,4,positif
571,Ravie de mon iPhone 8 reconditionner. Je vais d’ailleurs en prendre un autre pour mon mari.,5,positif
572,Trop beau reçu dans les temps bien emballé je le recommande vivement,5,positif
573,"je suis content de ce produit pour un reconditionné il est très bien,fonctionnelle.",4,positif
574,"Produit parfait, comme neuf, pour un prix très abordable. Livraison rapide et suivi. Je m’inquiétais du fait que ce soit un iPhone reconditionné (notamment pour le bruit de l’appareil photo qui ne s’enlève pas sur les téléphones Japonais) mais il n’y a pas ce problème. Je recommande !!",5,positif
575,"Très contente, est arrivé dans les délais et avec la qualité promise",5,positif
576,"Produit qui a des bugs, l’écran devient noir par moment, et le bouton latéral ne fonctionne plus en 2 semaines.. très déçue de cet achat. Pourtant j’ai souvent acheter reconditionner.",2,négatif
577,Envoi extrêmement rapide et le téléphone est exactement conforme à l’annonce. Je verrai à l’usage mais pour l’instant je suis très contente de l’avoir acheté. Le niveau de la batterie est à 90%,5,positif
578,"Téléphone en plus ou loin bon état. Pas de rayures mais l’appareil photo de derrière a un morceau de colle qui dépasse. De plus les téléphones proviennent d’Asie et cela n’est mentionné nul part, de ce fait le son de l’appareil photo reste actif peu importe si le téléphone et en mode silencieux ou non.",2,négatif
579,bon produit ? dommage qu'il mette pas les bon écouteurs dans la boite du telephone qui ne correspond pas au produit,4,positif
580,Téléphone nickel batterie 100% aucun rayure c’est tout neuf je recommande,5,positif
581,excellent etat tres bon fonctionnement batterie un peu juste,5,positif
582,envoie rapide!! produit correspondant a la description sur le site,5,positif
583,Téléphone qui beugué des le jour de la livraison. Téléphone très lent franchement si vous avez 299euros vaut mieux acheter un tel neuf.,1,négatif
584,produit on tres tres b etat ma fille es heureuse...................,5,positif
585,"Produit en bon état, Conforme à la description Cependant il a fallu faire une Mise à jour de l’IOS à réception.",5,positif
586,"Délai de livraison respecté, téléphone reçu comme neuf. Pas déçu, on verra avec le temps s il tient",3,neutre
587,au bout de 3 semaine il ne fonctionne plus vraiment dessus,1,négatif
588,Très bon produit mais les accessoires laisse à désirer,5,positif
589,"Je suis très pointilleux et très bonne surprise, le téléphone en état neuf.",5,positif
590,Livraison hyper rapide et téléphone conforme à l'annonce Je suis hyper content de voir que ce site respecte les clients,5,positif
591,rien a dire sur qualité j'ai malheureusement eu une panne (bug écran) le vendeur ma proposé de l'apporter à un réparateur prés de chez moi et a pris en charge la totalité des réparations,4,positif
592,"Iphone en parfait e?tat, fonctionnel Je suis entierement satisfait Contient tous les accessoires",5,positif
593,Trés beau téléphone qui correspond exactement au descriptif et plus livré en un temps record,5,positif
594,"De prime à bord c’est un bon produit que je viens de recevoir, aucune rayures ect A voir avec le temps et l’utilisation si le téléphone est de bonne qualité. J’ai vu après mon achat que ce téléphone venez de Chine.",3,neutre
595,"J'ai reçu l'iphone 8 ""comme neuf"", rien à dire sur l'aspect mais il possède la réforme japonaise : il est donc impossible de désactiver le bruit de l'appareil photo et ce n'était pas mentionné dans l'annonce !!! C'est très dérangeant, je renvoie et je suis très très déçue.",2,négatif
596,"livraison tres rapide surtout très satisfaits ,car le téléphone est livré était comme neuf avec la boite d'origine et accessoire batterie a 100%",5,positif
597,"Téléphone en très très bon état. Livré dans sa boîte d’origine avec accessoires, coque et écran de verre. Je suis très satisfaite.",5,positif
598,Article conforme à la description et quasi neuve. Délais de livraison respecter. Vendeur très serieux,5,positif
599,"Produit en parfait état, pas de problème à signaler.",4,positif
600,"Il n'est livré, ni avec la boite, ni avec la notice ni avec des écouteurs contrairement à ce qui est indiqué en description. Ce qui est le plus frustrant, c'est que je me suis entretenu avec les service commercial du site qui m'a confirmé qu'il était livré avec des écouteurs.",2,négatif
601,"iPhone reconditionné acheté en avril , fonctionne très bien !",5,positif
602,"identique a la description, emballage parfait, envoi rapide",5,positif
603,"Téléphone reçu dans les délais et avec sa boîte et accessoires d origine. A ce jour la touche ID a quelques bugs, j ai envoyé un message je vais voir le suivi SAV.",4,positif
604,"j'avais choisi comme neuf et je n'ai pas été décue. Le produit est impeccable, aucune rayure, rien!",5,positif
605,"Il fonctionne très bien, et l’état de la batterie est bien à 100% donc il est comme neuf. J’ai juste eu un petit problème avec les écouteurs qui ne fonctionnaient pas. Mais le vendeur a été très réactif quand je l’ai mentionné et j’attends qu’on m’en renvoie des neufs, donc je suis contente.",4,positif
606,"Produit reçu en très bon état comme neuf. Boite d'origine accessoires d'origine, très content",4,positif
607,Je viens de le recevoir je ne l’ai pas encore essayé pour l’instant le téléphone est tout neuf sans rayures écouteurs chargeur boîte d’origine vraiment tout est neuf reste à voir sur le long terme sinon vendeur très sérieux .,5,positif
608,Téléphone très bien et rapide pour la livraison sauf les écouteurs ne fonctionne pas,4,positif
609,Reçu rapidement bien emballer comme neuf fonctionne trop bien juste le baterie il tien pas longtemps mais c comme tout les iPhone,4,positif
610,fonctionne très bien très bon produit je recommande,5,positif
611,Bien reçu iPhone 8 . Par contre beaucoup de fonctionnalités il faudra un temps d’adaptation. Merci,5,positif
612,"Commande mardi reçu vendredi livraison rapide, produit conforme aucun impact",4,positif
613,Je les commander Depuis 2 jour déjà et sa marche nickel batterie 100% arrive avec la boîte d’origine un verre trempé intégré franchement chapeaux,5,positif
614,"Téléphone vraiment Etat neuf, seul bémol, les accessoires sont de piètre qualité ...",5,positif
615,"La batterie ne tient pas plus d'une heure, je regrette mon ancien IPHONE",1,négatif
616,Téléphone à vue d’œil comme neuf aucune trace Avec tout les accessoires,5,positif
617,"Je vais pas revenir sur l'iphone tout le monde connaît le sérieux de Apple. Livraison rapide, emballage soigné et téléphone comme neuf.",5,positif
618,rien à dire correspond à la description en parfait état fonctionne parfaitement la livraison a été rapide,5,positif
619,"le vendeur a peut-être expédié le colis rapidement mais au bout de 3 mois il y’a déjà des dis-fonctionnalités. A valider ? Pas vraiment, il y a beaucoup mieux en therme qualité.",2,négatif
620,"Pourquoi chercher éventuellement ailleurs alors que Cd nous le propose, tarif attractif, délais plus que tenus car en avance sur prévision, produit conforme à mes attentes. Cet appareil au toucher agréable est plein de ressources, actuel et pratique dans ses fonctionnalités, je ne regrette pas mon précédent 5S.",5,positif
621,"Batterie reçu au à 93% téléphone dans l ensemble propre à voir dans les semaines à venir car trop tôt pour donner un avis , déjà eu de mauvaise expérience avec du reconditionné à voir .",4,positif
622,Envoie rapide j avais un peut peur du reconditionné mais pas une rayure livré avec coque et protection écran,5,positif
623,Rien à signaler que du positif mon cadeau une vitre en verre trempé et une coque petit geste très sympathique téléphone rien à signaler super merci,5,positif
624,"Réellement comme neuf, rien à dire. Produit conforme, envoi correct vu confinement....",4,positif
625,Alors la !!! Je suis plus qu'agreablement surpris ... il est est comme neuf. Dans sa boîte d'origine avec ces accessoires d'origine. Franchement je recommanderai sans soucis. Merci,5,positif
626,"J'ai commandé un téléphone d'occasion comme neuf. Et bien j'ai reçu un téléphone comme neuf, dans sa boîte d'origine, avec tous les accessoires et pas la moindre marque d'utilisation. Je suis vraiment très satisfait de cet achat. Le rapport qualité prix est imbattable. Merci",5,positif
627,"Seul bémol, l’adapteur pour les écouteurs s’est cassé très rapidement ...",4,positif
628,Pas de surprise comme neuf je recommanderais la prochaine fois,5,positif
629,"le Tel est effectivement en très bon état , comme neuf ! je suis ravie de l'achat !",4,positif
630,"Appareil très bien emballé ,correspond a mes attentes,tres bien.",5,positif
631,"Ça fait un peu plus de 2 semaine que j’ai reçu l’IPhone et pour l’instant il marche très bien. Il est arrivé en bon état avec un verre de protection, une coque transparente, un chargeur et des écouteurs. La livraison est arrivée dans les temps. Super",4,positif
632,"Très bon produit, bonne qualité prix. Oui problème avec les écouteurs qui ne fonctionnent pas",5,positif
633,"Produit neuf, RAS, super agréable à utiliser, je recommande vivement!",5,positif
634,L'iphone est tout à fait conforme et ous les accessoires sont conformes aussi. On dirait un neuf. Livraison rapide.,5,positif
635,Produit comme neuf pas de surprise toutes les fonctionnalités sont là,5,positif
636,"Comme indiqué dans l’annonce, téléphone comme neuf, livraison plus rapide qu’indiqué, je recommande.",5,positif
637,"Produit parfait conforme au descriptif . Envoi rapide , je recommande .",5,positif
638,"Contente de cet achat, iPhone presque neuf rien à dire et pour le moment aucun soucis, à voir dans la continuité",5,positif
639,très bon produit reçu en avance même avec le confinement Seul problème l'appareil photo fait du bruit même en mode silencieux c'est assez dommage,4,positif
640,"J’achète l’IPhone 8 OR je me retrouve avec un OR ROSE, je suis un mec c’est compliqué !",1,négatif
641,Produit conforme à la description et livré à la date prévue.,5,positif
642,Conforme à mes attentes dommage livraison avec des délais trop longs-métrages reste est top,4,positif
643,"Performence très rapide, vendu assez rapidement malgré un problème de confinement. Très bon état voir parfait.",5,positif
644,Le téléphone est conforme à mes attentes. Vendeur sérieux. Je recommande.,5,positif
645,Bonjour on n'a bien reçu le portable en bon état état de marche bien et on l'a reçu assez rapidement de votre part merci a vous,4,positif
646,Parfait comme si le téléphone était neuf Très satisfaite,5,positif
647,Super pour un reconditionner fonctionne impeccables,5,positif
648,"Très Bon Vendeur, Je vous le Recommande , avec le confinement un peux longue la livraison. C'est Téléphone son au top, rien à dire pour mon téléphone de j'ai commandé un Iphone 8",4,positif
649,Je vien de recevoir mon iPhone 8 64g gold je suis contente de l'avoir reçu rapidement malgré mon ancienne commande qui n'ai jamais arriver.,5,positif
650,Très content du téléphone reçu on dirait un neuf. Pas de rayures. Pour le moment fonctionne ma copine est ravi. Si il fonctionne dans le temps j'en commanderai peut-être un pour moi,4,positif
651,Vendu dans un très bon délais arriver proteger . Dans la boite d'origine . Bonne couleur .,4,positif
652,"L’iPhone et de très bonne qualité je ne suis vraiment pas déçu quand je l’ai reçu ! J’ai aussi franchis le cap d’acheter un téléphone sur internet et je ne suis pas déçu pour l’instant , seul bémol la Performance de la batterie n’ai pas à 100% quand ont le reçois Donc si vous avez des problèmes de batterie c’est normal car elle n’ai pas à 100% dommage.",4,positif
653,"Produit conforme à sa description, Reçu dans sa boîte d’origine avec les accessoires, fonctionne parfaitement. Merci",5,positif
654,Produit neuf top!! Seul bémol la couleur qui correspond pas,5,positif
655,Excellent produit. Il s agit d un cadeau. Ma fille est comblée,5,positif
656,L'Iphone est impeccable et fonctionne très bien après une semaine. Reste à voir dans la durée.,5,positif
657,Telephone de tres belle couleur fonctionne tres bien mais livré avec une rayure de 4cm sur l’ecran :(,4,positif
658,Super produit .arrivé 1 jour avant .bon état je suis contente,5,positif
659,"Le téléphone est livré avec écouteurs compatible iphone 8, chargeur, vitre de protection, et coque transparente une occasion de très très bonne qualité, car le téléphone est comme neuf De plus, livré dans les temps malgré le covid, donc ultra TOP",5,positif
660,"Jai recu mon iphone 8 rose dans un parfaite état, aucune rayure aucun coup. Livrer avec une coque transparente et un ecrat de protection, tout fonctionne parfaitement ! La batterie est a 100% tres rare pour un reconditionner. On dirait un neuf!! Je suis satisfaite, cependant le carton été lui arriver dédommager, jai eu peut pour mon colis, il été ouvert il été abîmé. Mais ouf tout va bien à l'intérieur merci je recommande le vendeur!!",5,positif
661,"C'est comme si je venais de l'acheter en magasin et pour le prix que je l'ai acheté je ne suis pas déçue, j espère qu'il tiendra longtemps Petit bémol : l'image de l'écran n'est pas bien ajusté on voit les petit bords noirs en haut et en bas",5,positif
662,"J’ai commander ce téléphone le 16 et il est arriver le 22. Le délai de livraison a été respecter, j’ai été livré le jour où me l’a dis, dans une boîte iPhone avec tout les accessoires également IPhone. Merci d’avoir assuré sur la commande, je vous le recommande.",5,positif
663,"J'ai reçu le téléphone la semaine dernière et il marche très bien. Il vient avec un chargeur pas d'origine, mais cela n'est pas un problème. Je le recommande.",5,positif
664,"trés bon produit fonctionne parfaitement, acheté depuis décembre il marche parfaitement",5,positif
665,"« Comme neuf »Je suis très satisfaite, le délai à été respecté même écourté. Le téléphone est arrivé bien emballé pour ce qui est de la protection de la livraison, de très légères rayures qui se voient à peine. Pour l’instant je n’ai rien à dire il fonctionne comme s’il était neuf. Livré avec des écouteurs et un chargeur qui fonctionnent parfaitement malgré quelques doutes sur l’authenticité de ces biens.",4,positif
666,"Je suis très satisfait du côté prix, fonctionnalité et performances",4,positif
667,"Rien à dire, livraison rapide et produit comme neuf!",5,positif
668,"Téléphone portable bien reçu il est comme neuf, entièrement satisfait du produit, délai de la livraison respecté. Rien à dire, il est bien reconditionné, les accessoires sont neuf... je recommande..",5,positif
669,"J’ai commandé l’iPhone 8. qualité de photo médiocre on dirais l’iPhone 4 !!!!!! L’appareil photo normal a une qualité du 8, mais l’appareil frontal désolé mais c’est un faux écran je suis grave déçu de mon achat c’est la dernière fois de ma vie que je commande sur Cdiscount un IPhone !!!!!",1,négatif
670,Is not good because this iPhone was used by anyone else,3,neutre
671,"Produit conforme à la description, en très bon état. Je n ai même l impression que le téléphone est un reconditionné. Super satisfaite",5,positif
672,"Je l’ai bien reçu , il parait neuf boite sous blister , écran protégé .. Mise en route immédiate avec parametrage relativement simple (peut être que le fait de posséder auparavant des iPhone m’a facilité la prise en main ) c’es ma 1ère expérience en reconditionné , tt parait bien aller ... merci au vendeur , personne de confiance.",5,positif
673,"Parfait état, par contre, les écouteurs ne fonctionnent pas...",3,neutre
674,Le produit correspond en tout point à celui commandé. L état est irréprochable.,4,positif
675,Téléphone conforme à la description Livraison rapide Je recommande +++,5,positif
676,"Je recommande ce vendeur, l’iphone est comme neuf et la batterie est à 100%.",5,positif
677,"bon produit, fonctionne normalement (batterie 100%) pas de mauvaise surprise. Juste le chargeur qui chauffe beaucoup alors attention de ne pas le laisser charger la nuit sans surveillance....",4,positif
678,TELEPHONE RECUE rapidement mes ne fonctionne pas ne s'allume pas,1,négatif
679,Je recommande cet vendeur ! Produit excellent livraison rapide ! Un grand merci !,5,positif
680,Article reçu dans les délais imparti et conforme à la description état comme neuf . Je recommande se vendeur,5,positif
681,J’ai Reçu le téléphone dans une boîte rien à dire tout et nickel,5,positif
682,ras comme a la description pas de rayure fonctionne très bien comme neuf,5,positif
683,"Très satisfait de ce produit , pas cher je vous le recommande",5,positif
684,"parfait fonctionne très bien, à recommander correspond parfaitement",5,positif
685,"très intéressant , merci pour cet article déjà attendu depuis un moment, il est bien testé et sa fonctionne a merveille",5,positif
686,"Délai respecté, état comme décris. Toujours satisfait avec CDISCOUNT. Merci",5,positif
687,Le téléphone est de bonne qualité. Descriptif du vendeur pas conforme et SAV un peu long.,4,positif
688,Les touche grissillepas Content du tou ma fille la u pour Noël et 3 moi âpre sa deconne,1,négatif
689,"Aucun problème, pas de fissures, mais état de batteries à 90%",4,positif
690,"Iphone 8 reçu comme neuf, fonctionne très bien, la livraison a été rapide",5,positif
691,Vendeur très professionel l'Iphone est tout neuf on dirait meme pas un reconditionné. Je vais surement racheté un 8 plus chez ce vendeur. Je recommande les yeux fermés !,5,positif
692,rien à dire correspond au descriptif du produit; Je recommande ce vendeur0,5,positif
693,le lecteur de carte sim tombe en panne alors que cela fait 2 mois que je m en sert,2,négatif
694,portable conforme bon juste la batterie qui est à 85% on peut pas tous avoir.,4,positif
695,"J’ai reçu le téléphone en 2 jours, téléphone en parfait état comme neuf . Je vous conseilles",5,positif
696,Très satisfaite de la rapidité de livraison . L’article est en parfait état comme prévu et l’emballage irréprochable.,5,positif
697,"Très bien nickel comme neuf fonctionne bien, pas de problème",4,positif
698,"Je suis entièrement satisfaite du téléphone, il fonctionne tres bien, l’état et neuf, aucune rayure sur la vitre arrière ni sur l’écran. Les caméras fonctionne parfaitement et la batterie et a 90% mais tiens toute la journée meme en pleine utilisation. Je vous recommande ce vendeur sans hésiter",5,positif
699,livraison très rapide et soignée accessoires très bien mais capacité maximum de batterie à 87% notée dans les paramètres,4,positif
700,J’ai reçu l’iPhone dans la boîte origine Apple avec les accessoires d’origine avec un verre tremper et une coque. Le téléphone marche ni quel y a rien à dire la batterie est à 100%dommage que les écouteurs faut le Bluetooth pour les utiliser,5,positif
701,Commandé et reçu deux jours après. Excellent produit en parfait état. Ravie de cet achat et je conseille aux autres. Merci,5,positif
